{
    "loss": 4.723030090332031,
    "accuracy": 0.6176470518112183
}